<?xml version="1.0" encoding="UTF-8"?>
<!DOCTYPE mapper PUBLIC "-//mybatis.org//DTD Mapper 3.0//EN" "http://mybatis.org/dtd/mybatis-3-mapper.dtd">
<mapper namespace="com.gdupt.cominfo.dao.ResourceMapper">
	<!-- 查询所有资源信息 -->
	<select id="getResourceList" resultMap="resultMapBase">
		SELECT
		<include refid="sqlBase" />
		FROM resource WHERE resourceState = 1;
	</select>
	<!-- 按下载量排序 -->
	<select id="getResourceListByDownload" resultMap="resultMapBase">
		SELECT
		<include refid="sqlBase" />
		FROM resource WHERE resourceState = 1 ORDER BY
		download
		DESC,resourceTime DESC;
	</select>
	<!-- 按时间排序 -->
	<select id="getResourceListByTime" resultMap="resultMapBase">
		SELECT
		<include refid="sqlBase" />
		FROM resource WHERE resourceState = 1 ORDER BY
		resourceTime
		DESC,download DESC;
	</select>
	<!-- 按id查询资源信息 -->
	<select id="getResourceById"
		resultType="com.gdupt.cominfo.pojo.Resource">
		SELECT * FROM resource WHERE pk_resourceid =
		#{pk_resourceid} AND resourceState = 1;
	</select>
	<!-- 按Title模糊查询资源信息 -->
	<select id="getResourceByTitle" resultMap="resultMapBase">
		SELECT
		<include refid="sqlBase" />
		FROM resource WHERE
		convert(nvarchar(255),resourceTitle) like
		'%'+#{resourceTitle}+'%' AND
		resourceState = 1;
	</select>
	<!-- 按Type模糊查询资源信息 -->
	<select id="getResourceByType" resultMap="resultMapBase">
		SELECT
		<include refid="sqlBase" />
		FROM resource WHERE
		resourceType =
		#{resourceType} AND
		resourceState = 1;
	</select>
	<!-- 可复用的sql模板 -->
	<sql id="sqlBase">
		pk_resourceid,resourceType,download,link,resourceUserid,resourceTime,resourceTitle,resourcePoint,resourceState,resourceLike,resourceCollection
	</sql>
	<!-- 保存SQL语句查询结果与实体类属性的映射 -->
	<resultMap id="resultMapBase"
		type="com.gdupt.cominfo.pojo.Resource">
		<id column="pk_resourceid" property="pk_resourceid" />
		<result column="resourceType" property="resourceType" />
		<result column="download" property="download" />
		<result column="resourceUserid" property="resourceUserid" />
		<result column="resourceTime" property="resourceTime" />
		<result column="resourceTitle" property="resourceTitle" />
		<result column="resourcePoint" property="resourcePoint" />
		<result column="resourceState" property="resourceState" />
		<result column="resourceLike" property="resourceLike" />
		<result column="resourceCollection"
			property="resourceCollection" />
	</resultMap>
</mapper>