<?xml version="1.0" encoding="UTF-8"?>
<!DOCTYPE mapper PUBLIC "-//mybatis.org//DTD Mapper 3.0//EN" "http://mybatis.org/dtd/mybatis-3-mapper.dtd">
<mapper namespace="com.gdupt.cominfo.dao.ShopMapper">
	<!-- 查询所有资源信息 -->
	<select id="getGoodsList" resultMap="resultMapBase">
		SELECT
		<include refid="sqlBase" />
		FROM goods WHERE goodsState = 1;
	</select>
	<!-- 按id查询资源信息 -->
	<select id="getGoodsById" resultMap="resultMapBase">
		SELECT
		<include refid="sqlBase" />
		FROM goods WHERE pk_goodsid = #{pk_goodsid};
	</select>
	<!-- 可复用的sql模板 -->
	<sql id="sqlBase">
		pk_goodsid,goodsName,goodsContent,goodsType,goodsPoint,redeemNum,goodsState,goodsPicture,goodsCollect
	</sql>
	<!-- 保存SQL语句查询结果与实体类属性的映射 -->
	<resultMap id="resultMapBase"
		type="com.gdupt.cominfo.pojo.Goods">
		<id column="pk_goodsid" property="pk_goodsid" />
		<result column="goodsName" property="goodsName" />
		<result column="goodsContent" property="goodsContent" />
		<result column="goodsType" property="goodsType" />
		<result column="goodsPoint" property="goodsPoint" />
		<result column="redeemNum" property="redeemNum" />
		<result column="goodsState" property="goodsState" />
		<result column="goodsPicture" property="goodsPicture" />
		<result column="goodsCollect" property="goodsCollect" />
	</resultMap>
</mapper>