<?xml version="1.0" encoding="UTF-8"?>
<!DOCTYPE mapper PUBLIC "-//mybatis.org//DTD Mapper 3.0//EN" "http://mybatis.org/dtd/mybatis-3-mapper.dtd">
<mapper namespace="com.gdupt.cominfo.dao.UserMapper">
	<!-- 查询所有用户信息 -->
	<select id="getUserList"
		resultType="com.gdupt.cominfo.pojo.Users">
		SELECT
		pk_userid,userName,userTypeid,gender,school,number,mailbox,address,point,openid,userState,avatarUrl,userKind
		FROM users u join userType ut ON u.userTypeid =
		ut.pk_userTypeid
	</select>
	<!-- 按id查询用户信息 -->
	<select id="getUserById"
		resultType="com.gdupt.cominfo.pojo.Users" parameterType="Integer">
		SELECT
		pk_userid,userName,userTypeid,gender,school,number,mailbox,address,point,openid,userState,avatarUrl,userKind
		FROM
		users u join userType ut ON u.userTypeid = ut.pk_userTypeid
		WHERE
		pk_userid=#{pk_userid}
	</select>
	<!-- 新增用户信息 -->
	<insert id="addUserInfo">
		<selectKey resultType="int" order="AFTER"
			keyProperty="pk_userid">
			SELECT @@IDENTITY AS 'Identity'
		</selectKey>
		INSERT INTO users
		(userName,userTypeid,password,gender,school,number,mailbox,address,point,openid,avatarUrl)
		values
		(#{userName},#{userTypeid},#{password},#{gender},#{school},#{number},#{mailbox},#{address},#{point},#{openid},#{avatarUrl})
	</insert>
	<!-- 修改用户信息 -->
	<update id="editUserInfo" keyProperty="id">
		UPDATE users SET
		userName=#{userName},gender=#{gender},school=#{school},number=#{number},mailbox=#{mailbox},address=#{address}
		WHERE
		pk_userid = #{pk_userid}
	</update>
	<!-- 删除用户信息 -->
	<update id="removeUserInfo" keyProperty="id">
		UPDATE users SET
		userState = 0 WHERE pk_userid=#{pk_userid}
	</update>
	<!-- 按id查询用户未删除文章记录 -->
	<select id="getUserPodcastById"
		resultType="com.gdupt.cominfo.pojo.Podcast" parameterType="Integer">
		SELECT
		pk_podid,podComment,podForward,podLike,podTime,podTitle,podType,podUserid,podView,podState,podCollect
		FROM podcast WHERE podUserid = #{pk_userid} AND podState = 1
	</select>
	<!-- 删除用户文章 -->
	<update id="removeUserPodById" keyProperty="id">
		UPDATE podcast SET
		podState = 0 WHERE pk_podid=#{pk_podid}
	</update>
	<!-- 按id查询用户已删除文章记录 -->
	<select id="getUserDelPodById"
		resultType="com.gdupt.cominfo.pojo.Podcast" parameterType="Integer">
		SELECT
		pk_podid,podComment,podForward,podLike,podTime,podTitle,podType,podUserid,podView,podState,podCollect
		FROM podcast WHERE podUserid = #{pk_userid} AND podState = 0
	</select>
	<!-- 恢复用户文章 -->
	<update id="editUserDelPodById" keyProperty="id">
		UPDATE podcast SET
		podState = 1 WHERE pk_podid=#{pk_podid}
	</update>
	<!-- 按id查询用户未删除问题记录 -->
	<select id="getUserQuestionById"
		resultType="com.gdupt.cominfo.pojo.Question" parameterType="Integer">
		SELECT
		pk_quesid,quesType,quesTitle,quesPoint,quesTime,quesUserid,inviteUserid,quesState,quesView,quesComment,quesLike,quesForward,quesCollect
		FROM question WHERE quesUserid = #{quesUserid} AND quesState = 1
	</select>
	<!-- 删除用户文章 -->
	<update id="removeUserQuesById" keyProperty="id">
		UPDATE question SET
		quesState = 0 WHERE pk_quesid=#{pk_quesid}
	</update>
	<!-- 按id查询用户已删除问题记录 -->
	<select id="getUserDelQuesById"
		resultType="com.gdupt.cominfo.pojo.Question" parameterType="Integer">
		SELECT
		pk_quesid,quesType,quesTitle,quesPoint,quesTime,quesUserid,inviteUserid,quesState,quesView,quesComment,quesLike,quesForward,quesCollect
		FROM question WHERE quesUserid = #{quesUserid} AND quesState = 0
	</select>
	<!-- 恢复用户文章 -->
	<update id="editUserDelQuesById" keyProperty="id">
		UPDATE question SET
		quesState = 1 WHERE pk_quesid=#{pk_quesid}
	</update>
	<!-- 按userName及password进行登录 -->
	<select id="checkUserAndPwd"
		resultType="com.gdupt.cominfo.pojo.Users">
		SELECT
		pk_userid,userName,userTypeid,userKind,gender,school,number,mailbox,address,point,openid,userState,avatarUrl
		FROM users u join userType ut ON u.userTypeid = ut.pk_userTypeid WHERE
		userName =
		#{userName} AND password = #{password}
	</select>
	<!-- 检测userName是否存在 -->
	<select id="checkUserIsExist"
		resultType="com.gdupt.cominfo.pojo.Users" parameterType="String">
		SELECT
		pk_userid FROM users WHERE userName=#{userName}
	</select>
	<!-- 检测password是否正确 -->
	<select id="checkPasswordIsRight"
		resultType="com.gdupt.cominfo.pojo.Users">
		SELECT
		pk_userid FROM users WHERE pk_userid= #{pk_userid}
		AND
		password= #{password}
	</select>
	<!-- 修改用户密码 -->
	<update id="editUserPasswordById" keyProperty="id">
		UPDATE users SET
		password = #{password} WHERE pk_userid=#{pk_userid}
	</update>
	<!-- 按id查询用户回复信息 -->
	<select id="getUserPodReplyById" parameterType="Integer"
		resultType="com.gdupt.cominfo.pojo.PodcastReply">
		SELECT
		pcid,pk_prid,prContent,prState,prTime,prUseredid,prUserid,pcContent,podid,(SELECT
		userName FROM users WHERE pk_userid =j
		prUserid) AS prUserName,(SELECT
		userName FROM users WHERE pk_userid =
		prUseredid) AS prUseredName FROM
		PodcastReply pr JOIN podcastComment pc ON pr.pcid = pc.pk_pcid WHERE
		prUseredid = #{prUseredid} AND
		prState = 1
	</select>
	<!-- 用户发布文章 -->
	<insert id="addPodcast">
		INSERT INTO podcast
		(podType,podContent,podTime,podUserid,podTitle)
		VALUES
		(#{podType},#{podContent},#{podTime},#{podUserid},#{podTitle})
	</insert>
	<!-- 用户提出问题 -->
	<insert id="addQuestion">
		INSERT INTO question
		(quesType,quesContent,quesTime,quesUserid,quesTitle,quesPoint,inviteUserid)
		VALUES
		(#{quesType},#{quesContent},#{quesTime},#{quesUserid},#{quesTitle},#{quesPoint},#{inviteUserid})
	</insert>
	<!-- 查询用户资源信息 -->
	<select id="getUserResourceById"
		resultType="com.gdupt.cominfo.pojo.Resource">
		SELECT * FROM resource WHERE
		resourceUserid=#{resourceUserid};
	</select>
	<!-- 按id查询用户未删除问题受邀记录 -->
	<select id="getUserInvitedById"
		resultType="com.gdupt.cominfo.pojo.Question" parameterType="Integer">
		SELECT
		pk_quesid,quesType,quesTitle,quesPoint,quesTime,quesUserid,inviteUserid,quesState,quesView,quesComment,quesLike,quesForward,quesCollect
		FROM question WHERE inviteUserid = #{inviteUserid} AND quesState = 1
	</select>
	<!-- 用户申请上门 -->
	<insert id="addApply">
		INSERT INTO apply
		(proContent,location,tips,applyPoint,applyUserid,applyAddress,applyTime)
		VALUES
		(#{proContent},#{location},#{tips},#{applyPoint},#{applyUserid},#{applyAddress},#{applyTime})
	</insert>
	<!-- 删除资源信息 -->
	<update id="removeResourceInfo" keyProperty="id">
		UPDATE resource SET
		resourceState = 0 WHERE pk_resourceid=#{pk_resourceid}
	</update>
	<!-- 恢复用户资源 -->
	<update id="editUserDelResourceById" keyProperty="id">
		UPDATE resource
		SET
		resourceState = 1 WHERE pk_resourceid=#{pk_resourceid}
	</update>
	<!-- 新增资源信息 -->
	<insert id="addResourceInfo">
		<selectKey resultType="int" order="AFTER"
			keyProperty="pk_resourceid">
			SELECT @@IDENTITY AS 'Identity'
		</selectKey>
		INSERT INTO resource
		(resourceType,download,link,resourceUserid,resourceTime,resourceTitle,resourceContent,resourcePoint)
		VALUES
		(#{resourceType},#{download},#{link},#{resourceUserid},#{resourceTime},#{resourceTitle},#{resourceContent},#{resourcePoint})
	</insert>
	<!-- 按id查询用户文章数据 -->
	<select id="getUserPodDataById"
		resultType="com.gdupt.cominfo.pojo.Data" parameterType="Integer">
		SELECT
		countData = count(*),viewData = sum(podView),likeData =
		sum(podLike),commentData=sum(podComment),collectData=sum(podCollect)
		FROM podcast WHERE podUserid = #{podUserid}
	</select>
	<!-- 按id查询用户问题数据 -->
	<select id="getUserQuesDataById"
		resultType="com.gdupt.cominfo.pojo.Data" parameterType="Integer">
		SELECT
		countData = count(*),viewData = sum(quesView),likeData =
		sum(quesLike),commentData=sum(quesComment),pointData=sum(quesPoint),collectData=sum(quesCollect)
		FROM question WHERE quesUserid = #{quesUserid}
	</select>
	<!-- 按id查询用户资源数据 -->
	<select id="getUserResourceDataById"
		resultType="com.gdupt.cominfo.pojo.Data" parameterType="Integer">
		SELECT
		countData =
		count(*),downloadData=sum(download),pointData=sum(resourcePoint),likeData=sum(resourceLike),collectData=sum(resourceCollect)
		FROM resource WHERE
		resourceUserid
		= #{resourceUserid}
	</select>
	<!-- 减少用户文章收藏数 -->
	<update id="removePodCollectNum" keyProperty="id">
		UPDATE podcast SET
		podCollect = podCollect-1 WHERE pk_podid=#{pk_podid}
	</update>
	<!-- 减少用户问题收藏数 -->
	<update id="removeQuesCollectNum" keyProperty="id">
		UPDATE question
		SET
		quesCollect = quesCollect-1 WHERE pk_quesid=#{pk_quesid}
	</update>
	<!-- 减少用户资源收藏数 -->
	<update id="removeResourceCollectNum" keyProperty="id">
		UPDATE
		resource SET
		resourceCollect = resourceCollect-1 WHERE
		pk_resourceid=#{pk_resourceid}
	</update>
	<!-- 减少用户资源收藏数 -->
	<update id="removeGoodsCollectNum" keyProperty="id">
		UPDATE
		goods SET
		goodsCollect = goodsCollect-1 WHERE
		pk_goodsid=#{pk_goodsid}
	</update>
	<!-- 取消收藏信息 -->
	<update id="removeCollect" keyProperty="id">
		UPDATE
		collect SET
		collectState = 0 WHERE
		pk_collectid=#{pk_collectid}
	</update>
	<!-- 增加用户文章收藏数 -->
	<update id="addPodCollectNum" keyProperty="id">
		UPDATE podcast SET
		podCollect = podCollect+1 WHERE pk_podid=#{pk_podid}
	</update>
	<!-- 增加用户问题收藏数 -->
	<update id="addQuesCollectNum" keyProperty="id">
		UPDATE question
		SET
		quesCollect = quesCollect+1 WHERE pk_quesid=#{pk_quesid}
	</update>
	<!-- 增加用户资源收藏数 -->
	<update id="addResourceCollectNum" keyProperty="id">
		UPDATE
		resource SET
		resourceCollect = resourceCollect+1 WHERE
		pk_resourceid=#{pk_resourceid}
	</update>
	<!-- 增加用户商品收藏数 -->
	<update id="addGoodsCollectNum" keyProperty="id">
		UPDATE
		goods SET
		goodsCollect = goodsCollect+1 WHERE
		pk_goodsid=#{pk_goodsid}
	</update>
	<!-- 新增收藏信息 -->
	<insert id="addCollect">
		<selectKey resultType="int" order="AFTER"
			keyProperty="pk_collectid">
			SELECT @@IDENTITY AS 'Identity'
		</selectKey>
		INSERT INTO collect
		(collectUserid,collectTypeid,collectTime,collectContentid)
		VALUES
		(#{collectUserid},#{collectTypeid},#{collectTime},#{collectContentid})
	</insert>
	<!-- 恢复收藏信息 -->
	<update id="addRecoverCollect" keyProperty="id">
		UPDATE
		collect SET
		collectState = 1 , collectTime = #{collectTime} WHERE
		pk_collectid=#{pk_collectid}
	</update>
	<!-- 获取用户收藏信息 -->
	<select id="getUserCollectById"
		resultType="com.gdupt.cominfo.pojo.Collect">
		SELECT * FROM collect c JOIN collectType ct ON c.collectTypeid = ct.pk_collectTypeid WHERE collectUserid = #{pk_userid} AND collectState = 1 AND collectTypeid = #{collectTypeid}
	</select>
	<!-- 检测用户是否进行此收藏 -->
	<select id="checkUserCollectIsExist"
		resultType="com.gdupt.cominfo.pojo.Collect">
		SELECT pk_collectid FROM collect WHERE
		collectTypeid = #{collectTypeid} AND collectUserid = #{collectUserid} AND collectContentid = #{collectContentid}
	</select>
	<!-- 按id查询用户积分记录 -->
	<select id="getUserPointById"
		resultType="com.gdupt.cominfo.pojo.Point" parameterType="Integer">
		SELECT * FROM point WHERE pointUserid = #{pointUserid}
	</select>
	<!-- 按id查询用户邮寄列表 -->
	<select id="getUserReceiveById"
		resultType="com.gdupt.cominfo.pojo.Receive" parameterType="Integer">
		SELECT * FROM receive WHERE receiveUserid = #{receiveUserid} AND receiveState = 1
	</select>
	<!-- 按id查询邮寄信息 -->
	<select id="getReceiveById"
		resultType="com.gdupt.cominfo.pojo.Receive" parameterType="Integer">
		SELECT * FROM receive WHERE pk_receiveid = #{pk_receiveid}
	</select>
	<!-- 新增用户信息 -->
	<insert id="addReceiveInfo">
		<selectKey resultType="int" order="AFTER"
			keyProperty="pk_receiveid">
			SELECT @@IDENTITY AS 'Identity'
		</selectKey>
		INSERT INTO receive
		(receiveUserid,receiveName,receiveNumber,receiveAddress)
		values
		(#{receiveUserid},#{receiveName},#{receiveNumber},#{receiveAddress})
	</insert>
	<!-- 修改邮寄信息 -->
	<update id="editReceiveInfo" keyProperty="id">
		UPDATE receive SET
		receiveName=#{receiveName},receiveNumber=#{receiveNumber},receiveAddress=#{receiveAddress}
		WHERE
		pk_receiveid = #{pk_receiveid}
	</update>
	<!-- 删除用户信息 -->
	<update id="removeReceiveInfo" keyProperty="id">
		UPDATE receive SET
		receiveState = 0 WHERE pk_receiveid=#{pk_receiveid}
	</update>
</mapper>
        